{
  "id": "VirtuaVirtue.Beached",
  "name": "Beached",
  "version": "1.1.0",
  "authors": "VirtuaVirtue",
  "description": "A mod that removes liquid from the entire game<LINE>- LIQUIDS INCLUDE -<LINE>Water, Acid, Void Fluid, and Snow (it counts!!)<LINE><LINE>Check the Remix Menu for all options! FUN options are experimental and highly unstable!!!<LINE><LINE>- VERSION 1.1 -<LINE>New config menu, ability to flood all rooms with water, and ability to remove specific liquids",
  "tags": ["Regions", "Game Mechanics"],
  "checksum_override_version": false
}
